X,Y,OBJECTID,NAME,DIAK_CDE,CONTENTS,FIPS_CNTRY,SIZE_
8443304.54918811,4321952.65433666,1,Yaerxia, ,oil,CH,Large
4256044.56633023,3253097.76450706,2,Ratawi, ,oil,IZ,Very large
-6794551.83219563,1236862.73888641,3,Chuchupa, ,gas,CO,Medium
10486458.2205626,4897327.00354608,4,Daqing, ,oil,CH,Very large
4277423.64921227,3224993.77925079,5,Rumaila, ,"gas,oil",IZ,Very large
10530247.5191862,4793670.79479137,7,Fuyu, ,oil,CH,Large
4313236.15222754,3228207.2575204,8,Zubair, ,"gas,oil",IZ,Very large
-6877948.01484264,1097805.37858757,9,El Dificil,0735,"oil,gas",CO,Very large
10600579.3079199,4373187.790339,10,Liaohe, ,oil,CH,Large
3543656.95684217,4084695.09651605,11,"Raman,Batiraman", ,oil,TU,Small
4315857.33096648,3175046.43302566,12,Raudhatain, ,oil,KU,Very large
4345649.78611625,3081699.3374668,14,Burgan, ,oil,KU,Very large
3705897.89413912,3955949.325825,16,Karachok, ,oil,SY,Large
4268779.33523619,2505172.45547718,17,Hawtah,0466,oil,SA,Large
3929109.3812374,3781359.24643719,18,Kirkuk,0570,oil,IZ,Very large
-7053037.10488772,896731.76348335,19,Sucre, ,gas,CO,Small
4484519.27482841,2707411.85181257,20,Ghawar, ,"gas,oil",SA,Very large
8125539.04924863,4173527.39461658,21,Lenghu, ,oil,CH,Large
4495441.21945171,2867228.29808671,23,Khursaniyah, ,oil,SA,Very large
8517679.04774216,4217015.84647382,24,Laojunmiao, ,oil,CH,Medium
4531633.60162792,2874560.49063682,26,Berri, ,"gas,oil",SA,Very large
6481868.82548487,3562414.78672744,27,"Meyal,Dhurnal,Toot", ,oil,PK,Small
6381358.79656224,3336259.0988124,29,Dhodak, ,gas,PK,Large
4563746.46985655,2846502.34446243,30,Qatif, ,oil,SA,Very large
4552929.9271265,2759704.33397062,32,Abqaiq, ,"gas,oil",SA,Very large
9573173.69605378,3420161.9861566,33,Longnusi,0672,oil,CH,Large
4723166.58242187,2986543.65054777,35,Kangan, ,gas,IR,Very large
10492172.4797031,3967154.8918528,37,Shengli, ,oil,CH,Very large
4669274.38846522,2724283.33228553,38,Dukhan, ,"gas,oil",QA,Very large
10221556.3417863,3729752.19491385,40,Zhongyuan, ,"gas,oil",CH,Large
4953445.94452631,2548722.52690891,41,Murban Bab,0902,"gas,oil",TC,Very large
10111125.769411,4150389.06348372,42,Renqiu, ,oil,CH,Very large
-6928686.54375326,823532.130045921,43,Payoa-Provincia, ,"oil,gas",CO,Large
4940449.49347198,2518394.12783975,44,Bu Hasa,0270,"gas,oil",TC,Very large
9646452.23488914,3075589.46047042,45,Huangguanshan, ,gas,CH,Large
9471750.61529564,3191343.98464432,47,Weiyuan, ,gas,CH,Very large
-6121950.53137666,7902076.24391002,48,Char, ,"oil,gas",CA,Large
9479728.07362975,3121437.65129551,49,Zigong, ,gas,CH,Very large
-8551641.93448147,3925883.60414047,50,Burbank, ,oil,US,Large
9522920.67065176,3152348.07424058,52,Neijian, ,gas,CH,Very large
9600437.42063432,3108504.21076246,53,Hejiang, ,gas,CH,Very large
-8517583.36899301,3850510.66409548,54,Glenn Pool, ,oil,US,Large
9563646.53652202,3072851.38074175,56,Naxi, ,gas,CH,Very large
-8678239.15042029,3804254.18892004,57,Oklahoma City, ,"oil,gas",US,Large
11116437.5844299,2638767.24614283,59,CBK, ,gas,TW,Small
-8714135.34323223,3688669.04451771,61,Golden Trend, ,oil,US,Large
3709134.62205145,3928219.61712109,62,Soudie(Suwaidiyah), ,"gas,oil",SY,Large
5632149.49684925,4160812.715141,63,Samantepe, ,gas,UZ,Large
-8563399.1861477,3653827.84262179,64,Queenton, ,gas,US,Large
5246838.49916822,7193361.09834798,66,Antipayutinskoye, ,gas,RS,Large
4358067.05238353,3049848.87809479,67,Wafra, ,oil,KU,Very large
-8514861.28643354,3688440.42148357,68,Kinta, ,gas,US,Medium
-6940430.14045982,395443.560926309,69,Apiay, ,oil,CO,Medium
4631303.6530217,2763729.01517197,70,Awali, ,"gas,oil",BA,Large
-8470252.48214592,3714490.93688802,71,Red Ok Norris, ,gas,US,Large
11092045.271021,-41104.0931637757,73,Attaka, ,"oil,gas",ID,Large
-8329321.71152558,3803718.09977835,74,"Sames,White Ok", ,gas,US,Medium
10094597.328618,2246322.83964706,76,Weizhou, ,oil,CH,Medium
-8293982.55165289,3786122.58164177,77,Etna, ,gas,US,Medium
11610324.0010259,5483022.88304652,79,"Katangliyskoye,Nabil'", ,"oil,gas",RS,Small
-8311392.58521205,3594286.62022718,80,Smackover, ,"oil,gas",US,Large
11427461.1770017,5672299.24856313,81,Ekhabi Vostochnoye, ,"oil,gas",RS,Small
12183522.4932916,4259701.91293173,83,Sarukawa, ,oil,JA,Small
-8426133.98772663,3502672.7096758,84,Caddo-Pine Island, ,"oil,gas",US,Large
-7252440.70440891,62122.5428822075,85,Orito, ,"oil,gas",CO,Large
3182073.19557212,2984257.9108137,86,Berquen, ,gas,SA,Large
-7186466.41024432,54271.1405530584,87,Nancy, ,oil,CO,Medium
-8522315.54003569,3500405.46583956,88,East Texas, ,"oil,gas",US,Large
4425139.53644695,3063556.52976392,89,Safaniyah(Khafji), ,"gas,oil",KU,Very large
-7267949.09478569,-15639.7881514426,90,Sacha-Lago Agrio, ,oil,EC,Large
4462527.88996161,3075818.08350456,91,Zuluf, ,oil,SA,Very large
-8553675.52395884,3524232.10709923,92,Hawkins, ,"oil,gas",US,Large
-7199831.869926,-26306.393687724,93,Libertador, ,oil,EC,Large
4496126.64594725,3085643.78800967,94,Marjan-Foroozan, ,oil,SA,Very large
-8606057.00858899,3508833.88784945,95,Van, ,oil,US,Large
-7249210.20528841,-115108.518929985,96,Auca, ,oil,EC,Large
4682451.47306793,2965216.31041007,97,Pars, ,gas,IR,Very large
-8611424.61102303,3249977.22362679,98,Konro, ,"oil,gas",US,Large
-7206074.44927611,-97270.2966356052,99,Yuca, ,oil,EC,Large
4743380.7973824,2827313.82350523,100,North Field, ,gas,QA,Very large
4771366.94220678,2850479.79652768,101,South Pars, ,gas,IR,Very large
-7132769.25110935,-109339.319690916,102,Tiputini, ,oil,EC,Medium
-8659020.15830059,3170342.39144632,103,"Tomson,Webster", ,oil,US,Large
-7352581.53018638,-171700.242526875,104,Oglan, ,oil,EC,Medium
4804808.47065719,2728845.17949565,105,Maydan-Mahzam,0502,"gas,oil",QA,Large
-8638497.48544307,3128674.53518731,106,Hastings, ,"oil,gas",US,Large
-7216247.99395987,-227405.127889252,107,Amazonas, ,oil,EC,Medium
4823848.35245054,2713217.37235056,108,Bul Hanine, ,oil,QA,Large
-8993492.65273364,2769333.35398134,109,"Reynosa,Mexicano", ,gas,MX,Large
-7196699.60547859,-294849.887822794,110,Capahuari, ,oil,PE,Large
4840301.13746599,2743416.28378136,111,Salman, ,oil,IR,Large
-8315644.68517474,2954765.71929854,112,Auger, ,"oil,gas",US,Small
-7138153.42092661,-256810.890739508,113,Dorissa, ,oil,PE,Medium
4920042.80297853,2658527.52092833,114,Umm Shaif, ,"gas,oil",TC,Large
-8214103.3103711,2961773.9801562,115,Jolliet, ,"oil,gas",US,Medium
-7101937.56239513,-404863.111963372,116,Corrientes, ,oil,PE,Large
4941232.75759939,2634353.88942985,117,Zakum, ,"gas,oil",TC,Large
5162827.4587301,2831695.12720341,118,Bukha, ,gas,MU,Large
-9100326.5655634,2374685.17188935,120,Ebano-Panuco,0801,oil,MX,Large
11381416.481506,5712441.32190321,121,Severnoye Kolendo, ,"oil,gas",RS,Small
-9011203.6424317,2373035.65179193,122,Arenque, ,oil,MX,Large
10481229.1572679,4278230.75454372,123,Suizhong, ,oil,CH,Large
-7622180.93806761,-247173.530403508,124,Ancon,0448,oil,EC,Small
6618636.7079835,2057752.00992703,125,Bombay High, ,"gas,oil",IN,Large
-9082745.95069057,2296607.13501349,126,"Naranjos,Cerro Azul", ,oil,MX,Large
-7631807.30647533,-540326.119138144,127,La Brea-Parinas,1346,oil,PE,Medium
6693718.49271569,2077947.20814551,128,"Panna,Mukta", ,"gas,oil",IN,Medium
-9107307.38323058,2165467.42539225,129,Chicontepec, ,oil,MX,Very large
-7070379.94401929,-791747.170777222,130,Maquia, ,oil,PE,Small
6688350.30717735,2004422.26931501,131,South Bassein, ,gas,IN,Large
-7114451.13092319,-930252.516017586,132,Aguaytia, ,gas,PE,Medium
-9051670.7088483,2226689.15791645,133,Poza Rica, ,oil,MX,Very large
-6541507.84548321,1181806.45281997,134,Cumarebo, ,oil,VE,Medium
-9010114.69251082,2173207.50890927,135,San Andres,0915,oil,MX,Large
6730999.54691263,1960754.58294325,136,"Neelam,Heera", ,"gas,oil",IN,Large
-6269755.71476038,1000397.06793191,137,"Yucal,Placer", ,gas,VE,Large
-8956955.5867819,2217260.76361265,138,Atun,0371,oil,MX,Large
-6250004.3788591,940028.845048266,139,Las Mercedes, ,"oil,gas",VE,Large
-8916554.37504506,1961991.7311931,140,Matapionche, ,oil,MX,Medium
-6087533.01528006,994374.797058116,141,Guara, ,"oil,gas",VE,Large
-8749720.93070815,1930111.13217503,142,Cinco Presidentes, ,oil,MX,Large
-6066309.67176193,963372.270756231,143,Chimire, ,"oil,gas",VE,Large
-8725653.33101207,1918500.41817064,144,Ogarrio, ,oil,MX,Large
-5995681.50983941,1010135.39526453,145,El Furrial, ,"oil,gas",VE,Large
-8672657.26713528,1905003.76037752,146,A.X.Bermudez, ,"oil,gas",MX,Very large
-5973444.77653782,1052513.04591201,147,Quiriquire, ,oil,VE,Large
-6030589.68040287,913962.090539875,148,Oficina, ,"oil,gas",VE,Large
-8705240.92414073,1869899.08597065,149,Cactus,0201,"oil,gas",MX,Large
-5982751.70505932,935684.941985219,150,Dacion, ,"oil,gas",VE,Large
-8678687.44316283,1821484.60976408,151,Iris-Giraldas, ,"oil,gas",MX,Large
-5922946.9459274,939776.820042601,152,Jobo, ,oil,VE,Large
-8585300.50566669,1899916.48902834,153,Agave, ,"oil,gas",MX,Large
-5585914.16110735,410755.237036138,154,Karanambo, ,oil,GY,Small
-8549649.75566349,1935442.18632606,155,Jose Colomo,0415,gas,MX,Large
-6150657.90727457,-350945.034993952,156,Igarape de Cuia, ,oil,BR,Medium
-8507123.28716381,2100315.24098878,157,Abkatun, ,oil,MX,Large
-6217252.3044176,-423505.586918412,158,Soledade, ,gas,BR,Medium
-8482573.22653132,2145205.01396415,159,Kutz(Ku), ,oil,MX,Large
-5625230.73101061,-504001.827518087,160,Nova Olinda, ,oil,BR,Small
-5638915.35553712,-360169.581935754,161,Autas Mirim, ,oil,BR,Small
-8467459.54951348,2112511.29864561,162,Cantarel, ,oil,MX,Very large
-5242101.24668709,593914.356753607,163,Tamanredjo, ,oil,NS,Small
-8435630.41935969,1702511.14522519,164,Caribe, ,oil,GT,Large
-3995096.0017718,-320091.326260789,165,San Joao,0709,oil,BR,Small
-8403046.67546627,1653781.61731957,166,Rubelsanto, ,oil,GT,Large
-3491819.31823957,-544199.725976872,167,Fazenda Belem, ,oil,BR,Medium
-7284445.51106574,4550696.22907016,168,Albion, ,"oil,gas",US,Small
-3434634.58545444,-601054.807609663,169,Fazenda Pocinho, ,oil,BR,Medium
-7267719.11464429,4523023.65594458,170,Scipio, ,oil,US,Medium
-3396519.05732506,-1056912.65328456,171,Furado, ,"oil,gas",BR,Small
-6827747.75170276,-1286060.22847404,172,Segakiato, ,gas,PE,Large
-7319294.97179107,4390745.78584,173,Lima, ,"oil,gas",US,Large
-5983224.31640719,-1804970.21370765,174,Bulo-Bulo, ,gas,BL,Small
-7391214.37791426,4344384.2879516,175,Trenton, ,"oil,gas",US,Medium
-5924361.07677156,-1867117.03548761,176,Colpa, ,"oil,gas",BL,Small
-6932338.13388195,4388101.31186206,177,Butler Armstrong, ,oil,US,Large
-5848440.91209559,-1939641.88754915,178,Rio Grande,0235,gas,BL,Medium
-6065859.93420179,4956191.45808142,179,Trois-Rivieres,1116,gas,CA,Large
-5787564.62036105,-1937671.8536573,180,Tita, ,gas,BL,Medium
-6840919.28073295,4458531.15232315,181,Warren, ,oil,US,Large
-5877571.53358379,-2131169.0682165,182,Camiri, ,"oil,gas",BL,Small
-6737435.77880808,4493760.36092776,183,Bradford, ,oil,US,Large
-3697432.53380812,-1295560.95465766,184,Querera, ,gas,BR,Small
-7835901.38004382,4128616.74966337,185,Salem, ,oil,US,Large
-3456008.17922239,-1141655.6893953,186,Carmopolis,0548,oil,BR,Large
-7790008.82563918,4180622.89599225,187,Louden, ,oil,US,Large
-3581546.78147824,-1327488.5702153,188,Agua-Grande, ,oil,BR,Large
-7706775.31472323,4173008.36795239,189,Old Illinois, ,oil,US,Large
-3662674.88946354,-1407216.33978511,190,Dom Joao,0709,"oil,gas",BR,Large
-7677654.10989906,4129461.44373377,191,Centralia, ,oil,US,Small
-3702070.56126709,-1985379.93701981,192,Rio Itaunas, ,oil,BR,Medium
-7739664.0193183,4076286.40975638,193,New Harmonsen, ,oil,US,Medium
-7653444.442494,-601964.393672544,194,Providencia, ,oil,PE,Medium
-3704919.81887113,-2102882.29900796,195,Lagoa Parda, ,oil,BR,Medium
-7777991.5897159,4092582.14982134,196,Daile, ,oil,US,Medium
-6517157.17645297,1246409.50039485,197,Miranga, ,"oil,gas",VE,Medium
-5877914.1881095,-2230796.98473283,198,Los Monos, ,"oil,gas",BL,Small
-7902925.09584842,3718656.4224044,199,New Hope, ,oil,US,Small
-4567123.12118827,353118.56880314,200,Pirapema, ,gas,BR,Medium
-5711504.07197804,-2508787.56531246,201,Palmar Largo, ,oil,AR,Large
-7817561.43661582,3697038.38104674,202,Feiyette, ,gas,US,Small
-4316926.54154869,41690.2668292518,203,PAS-II, ,oil,BR,Medium
-5866952.41228282,-2418991.87837926,204,Campo Duran,1001,gas,AR,Large
-7939257.9785922,3673012.07894129,205,Maldon, ,gas,US,Medium
-3749172.53331394,-279795.780581907,206,"Curima,Ubarana", ,oil,BR,Medium
-5940287.73535316,-2418717.31814176,207,Bermejo, ,"oil,gas",BL,Small
-7164855.53724836,4143090.94588074,208,Ohio(Klinton), ,gas,US,Large
-3388916.09058381,-531577.935598452,209,Agulha, ,oil,BR,Medium
-3381182.45369816,-1120941.57576219,210,"Mero,Cavala", ,oil,BR,Medium
-6982893.7050789,4190925.27818122,211,Baldwin Salt Lake, ,gas,US,Large
-5877348.49789521,-2570053.3053177,212,Martines del Tineo,0535,"oil,gas",AR,Medium
-3481909.43669707,-1224713.50554569,213,Guaricema, ,oil,BR,Medium
-8155060.24322359,3112420.77845317,214,West Delta, ,oil,US,Large
-5977099.79140637,-2507295.18675547,215,Caimancito, ,oil,AR,Medium
-3605633.55159611,-1738128.86813132,216,Arraia, ,oil,BR,Medium
-8172267.00336407,3004760.16383112,217,Mars, ,oil,US,Large
-6214327.02581511,-3604101.46997535,218,Barrancas, ,oil,AR,Large
-3607896.58902563,-1887379.44691569,219,Ilheus, ,oil,BR,Medium
-7478675.48703376,2466339.90097387,220,Varadero, ,oil,CU,Medium
-6187673.31422028,-3643276.95902987,221,Rio Tunuyan,0235,oil,AR,Large
-3772256.16679703,-2327573.26226806,222,Namorado, ,oil,BR,Large
-4713339.64337364,6492848.96950123,223,Hekja, ,gas,CA,Large
-6112678.75940461,-3759250.04841298,224,El Sosneado, ,oil,AR,Medium
-3676818.81764437,-2324434.33996502,225,Marlim, ,oil,BR,Very large
-4559499.57610647,6055433.26384052,226,Snorri, ,gas,CA,Large
-3668685.5301881,-2398131.30209281,227,Albacora, ,oil,BR,Very large
-6081350.89046186,-3953670.50395109,228,Puesto Hernandez, ,oil,AR,Medium
-4655902.55812079,5936454.27626211,229,Hopedale, ,gas,CA,Medium
-3828758.80495071,-2408928.9979182,230,Pampo, ,oil,BR,Medium
-5920212.43426443,-3968144.74759175,231,Entre Lomas, ,oil,AR,Medium
-4545561.7630577,5883390.43159752,232,Bjarni, ,gas,CA,Large
-4165975.53347052,-2595609.2884938,233,Merluza, ,gas,BR,Medium
-5950148.83123438,-4068803.0101964,234,Loma de La Lata, ,gas,AR,Large
-4461921.88282213,5756799.45818138,235,Gudrid, ,gas,CA,Large
-4285037.77482696,-2795004.63390875,236,Tubarao,0609,gas,BR,Medium
-5978173.65888392,-4033610.25989637,237,Catriel Oeste, ,"oil,gas",AR,Medium
-5389621.77744008,4904612.15798731,238,Stoney Creek, ,"oil,gas",CA,Large
-6414506.09712647,-4230362.66990231,239,Tollten, ,gas,CI,Small
-5135474.78546645,4682537.49637076,240,Thebaud, ,gas,CA,Medium
-5563889.54200929,-4900231.66699641,241,Petrel, ,oil,AR,Small
-6025228.48900867,-4145469.02729881,242,Challaco,0848,oil,AR,Medium
-5529259.77922603,-5565534.66261898,243,Daniel, ,oil,CI,Medium
4004321.4147218,7147915.32080703,244,Varandeyskoye, ,oil,RS,Large
-5450529.5772561,-5636608.62241901,245,Cabo Nombre, ,oil,AR,Small
-6105895.49554442,-4098979.58974652,246,Lindero Atravesado, ,gas,AR,Medium
4131943.96937459,6984685.40172052,247,Salyukinskoye, ,oil,RS,Medium
-5383809.33643492,-5644013.8699033,248,Hidra, ,oil,AR,Medium
-6446829.78978878,-4054224.00444597,249,Lebu, ,gas,CI,Small
4120051.0449387,6966687.02857585,250,Srednemakarikhinskoye, ,"oil,gas",RS,Medium
-11333298.5593744,6406356.96772216,251,McArtur River, ,"oil,gas",US,Large
-5699347.85897704,-4879605.48483465,252,Comodoro Rivadavia, ,oil,AR,Large
4001039.17930718,6968624.03152688,253,Vozeyskoye, ,"oil,gas",RS,Large
-11356297.6647392,6367561.33746882,254,Kenai, ,gas,US,Large
-5613708.64385398,-5000930.13100406,255,Canadon Leon,034606481148,oil,AR,Medium
-10144223.8134181,7287252.71357007,256,Kuparuk River, ,oil,US,Large
4060958.89208244,6927527.43035539,257,Usinskoye, ,oil,RS,Large
-9964327.94385234,7330393.14145282,258,Seal Island, ,oil,US,Large
-5751634.97646841,-4936178.77888346,259,Mata Magallanes, ,oil,AR,Medium
3806445.38214239,7106617.44936921,260,Khyl'chuyuskoye, ,"oil,gas",RS,Medium
-10755238.7133365,6352282.47495507,261,Katala, ,oil,US,Large
-5660737.67153498,-5401017.34193818,262,Laguna los Copones, ,oil,AR,Medium
3851028.32527149,7079164.14820055,263,Yareyyuskoye, ,"oil,gas",RS,Large
-9294387.83247173,7220772.9529087,264,Adgo, ,"oil,gas",CA,Large
-5649035.1170734,-5497071.70323414,265,El Condor,0548,"oil,gas",AR,Medium
-9226292.26788467,7255251.2363785,266,Tarsiut, ,"oil,gas",CA,Large
3706448.44512883,7104410.92902743,267,Kumzhinskoye, ,gas,RS,Large
-5813725.20843291,-5534138.20887624,268,Tranquilo, ,gas,CI,Small
3749442.32371364,7082536.75440728,269,Vasilkovskoye, ,gas,RS,Large
-9083096.22840928,7290684.66499503,270,Issungnak, ,"oil,gas",CA,Large
-5701101.2730497,-5665626.46436454,271,Canelos, ,gas,CI,Small
-8963086.21217936,7313488.98564151,272,Koakoak, ,"oil,gas",CA,Large
3781372.50387531,7056123.85389858,273,Vaneyvisskoye, ,"oil,gas",RS,Large
3835027.2762762,7038133.66376185,275,Layavozhskoye, ,"oil,gas",RS,Large
-5578330.8076215,-5659847.35647531,276,Sombrero, ,oil,CI,Small
-8992607.72493302,7237597.32387262,277,Atkinson Point, ,"oil,gas",CA,Large
-5633288.64622366,-5550850.27880683,278,Posesion,0748,oil,CI,Small
3807999.11886435,7018477.7378434,279,Yuzhno-Shapkinskoye, ,"oil,gas",RS,Medium
-8942508.11197219,7290286.64599011,280,Ukalerk, ,gas,CA,Large
-9163164.2477475,7198444.08535424,281,Taglu, ,"oil,gas",CA,Large
-5506035.83058383,-5652897.98734846,282,Catalina, ,"oil,gas",CI,Medium
3839767.68506744,6989186.93798756,283,Verkhnegrubeshorskoye, ,oil,RS,Small
-9183564.185753,7159434.45820159,284,Parsons Lake, ,"oil,gas",CA,Large
3378415.55707403,7171206.73109084,285,Peschanoozerskoye, ,"oil,gas",RS,Large
-5422367.13858178,-5706806.92280492,286,San Sebastian,1135,gas,AR,Medium
-9770103.37301943,6916348.74391263,287,Chance, ,"oil,gas",CA,Medium
2859564.31946267,7249483.23188615,288,Murmanskoye, ,gas,RS,Large
-9103187.18541508,6826568.01132798,289,Norman Wells, ,oil,CA,Large
-7562969.44989794,-357366.136951915,290,Amistad, ,gas,EC,Large
-9068937.22368197,6806859.29031769,291,Norman Wells East, ,oil,CA,Large
1407760.1834467,7423690.42607844,292,Snohvit,0356,gas,NO,Large
-5853213.91106862,-2349846.95131419,293,Madrejones, ,gas,BL,Large
-9411254.91878994,6325652.97168184,294,Beaver River, ,"oil,gas",CA,Large
1384334.97105636,7403530.776449,295,Albatross, ,gas,NO,Large
-6792705.96039597,1272191.96428625,296,Ballena, ,gas,CO,Medium
-9351389.6793611,6371035.27076651,297,Pointed Mountain, ,gas,CA,Large
1349223.59308851,7388548.99542682,298,Askeland, ,gas,NO,Large
-9480277.09711199,5807719.57749317,300,Elmworth, ,gas,CA,Large
487925.144295259,6828645.92241945,301,Smorbukk,0356,gas,NO,Large
-10151452.2169708,5209531.81759401,303,Bellingham, ,gas,US,Small
527821.696565866,6842648.03164685,304,Heidrun, ,"gas,oil",NO,Large
-10343466.4987285,4904113.95856635,306,Mist, ,gas,US,Medium
556605.389209408,6814573.59520399,307,Midgard, ,gas,NO,Large
-10752097.1508937,4341688.23942129,308,Table Bluff, ,gas,US,Small
624461.847767041,6746234.00227676,309,Draugen, ,oil,NO,Large
-10728949.0392203,4254865.82917457,310,Tomkins Hill, ,gas,US,Small
-10761642.8557666,4223828.70116591,311,Grizzly Bluff, ,gas,US,Small
-8907025.15123238,3801577.88765003,312,Cumpik, ,gas,US,Large
-10622298.5117241,3896678.1014379,313,"Coalinga,Coalinga North", ,oil,US,Large
-8868147.63638595,3839378.92648092,314,Mocane Laverne, ,gas,US,Large
-10745146.3137618,3680180.80111591,315,"Santa Maria Valley,Orcut,Cat Canyon", ,oil,US,Medium
-9264238.43520561,3849814.53237313,316,"Model Dome,Red Rock", ,gas,US,Medium
-10782557.0649387,3695306.70056852,317,Point Anguella, ,oil,US,Large
-9532306.72051625,3902597.43294547,318,Besty, ,oil,US,Medium
-10763007.9663982,3743302.89608171,319,Point Pedernales, ,oil,US,Large
-9457535.11511405,3959331.36455403,320,Blanko Messawerde, ,gas,US,Very large
-10725618.1381108,3580005.1541788,321,Molino, ,gas,US,Medium
-10760061.1641364,3545478.13724224,322,Santa Inesse, ,oil,US,Large
-9480043.36440391,4134391.34533885,323,Boundary Bat, ,"oil,gas",US,Medium
-6889873.00112445,7810471.74827985,324,Hecla, ,gas,CA,Large
-9464313.76275775,4291120.68061932,325,Rangely, ,oil,US,Large
-9085339.09527864,6247308.08707224,326,Rainbow Lake, ,"oil,gas",CA,Medium
-9392972.29696911,4444338.2819747,327,Patrick Drow, ,"oil,gas",US,Medium
1429889.10907282,6066099.26175639,328,"Gotland,group", ,oil,SW,Small
-9112106.38359642,6168147.01353449,329,Zama Lake, ,"oil,gas",CA,Large
4212182.43239631,5769565.56505945,330,Bavlinskoye, ,oil,RS,Large
-9255887.63827899,4466339.7785909,331,Verts, ,"oil,gas",US,Medium
-8721873.70362592,5990316.8184812,332,Athabasca, ,bitumen,CA,Very large
4246288.40832598,5789014.00118575,333,Tuymazinskoye, ,oil,RS,Large
-9164137.89458679,4480697.09496398,334,Big Medicine Bow, ,"oil,gas",US,Medium
-8836507.84709617,5976910.51608354,335,Wabasca, ,bitumen,CA,Very large
4298816.47786741,5714579.44493731,336,Shkapovskoye, ,oil,RS,Medium
-9263643.06683763,4522746.01012085,337,Lost Logger, ,"oil,gas",US,Medium
4425436.7857126,5799879.75190067,338,Sergeyevskoye, ,oil,RS,Medium
-9075932.5162103,5979431.64489279,339,Peace River, ,bitumen,CA,Very large
-9108301.23194138,4634115.68444551,340,Big Muddy, ,oil,US,Medium
4448108.06221674,5755065.52128718,341,Buzovvyazovskoye, ,oil,RS,Small
-8682197.69714014,5879131.61355266,342,Cold Lake, ,bitumen,CA,Very large
-9061756.03605695,4676223.29669563,343,Bell Creek South, ,"oil,gas",US,Medium
4488153.54382573,5725378.27759596,344,Tabynskoye, ,oil,RS,Small
-9001478.77323108,4677799.00055431,345,Hilight, ,"oil,gas",US,Medium
-8928209.53218322,5887742.53124933,346,Marten Hills, ,gas,CA,Large
4563639.11853255,5569415.15956386,347,Borkutovskoye, ,gas,RS,Medium
-9306978.59654767,4602365.93415127,348,Muskrat, ,"oil,gas",US,Small
-9021456.20808515,5854784.44262883,349,Mitsue, ,"oil,gas",CA,Large
4496012.15308939,5561225.38262602,350,Sovkhoznoye, ,gas,RS,Small
-9366738.68505212,4576200.96843696,351,Big Sonda Drow, ,"oil,gas",US,Small
-9192565.58004042,5821282.95604614,352,Swan Hills, ,"oil,gas",CA,Large
-9375517.98017681,4600358.7856803,353,Winklman Dome, ,"oil,gas",US,Small
4433377.94316435,5483880.41954372,354,Orenburgskoye, ,"oil,gas",RS,Very large
-9251079.20492094,5773619.12577476,355,Swan Hills South, ,oil,CA,Large
-9339204.20960445,4633279.20054315,356,Beaver Creek, ,"oil,gas",US,Small
4037809.57270231,5796198.76566199,357,Nurlatskoye, ,oil,RS,Small
-9275958.57216284,5736937.71732547,358,Judy Creek, ,oil,CA,Large
-9286827.34114598,4670617.76068778,359,Hamilton Dome, ,oil,US,Large
-9326505.81123984,5759607.47276529,360,Kaybob, ,oil,CA,Large
4077008.49741246,5742978.50051885,361,Borovskoye, ,oil,RS,Small
-9215577.54422439,4676148.5641538,362,Grass Creek, ,oil,US,Medium
4054357.56089863,5717436.12983469,363,Radayevskoye, ,oil,RS,Small
-9233748.07169881,4752755.23449283,364,Oregon Basin, ,"oil,gas",US,Large
-8814031.98781425,5664290.54873618,365,Lloydminister, ,oil,CA,Very large
4191137.16819531,5693505.34153778,366,Krasnoyarskoye, ,oil,RS,Small
-9223981.59757794,4812443.27773857,367,Elk Basin, ,"oil,gas",US,Large
-9120602.97102527,5665076.76650388,368,Leduc, ,"oil,gas",CA,Large
-9172651.87667535,5630080.25537442,369,Pembina, ,"oil,gas",CA,Large
4281457.12414659,5578965.68737821,370,Sorochinsko-Nikol'skoye, ,"oil,gas",RS,Medium
-8924460.15683543,4808297.16432923,371,Bell Creek, ,"oil,gas",US,Medium
-9224293.85769826,5640285.65378603,372,Bonnie Glen, ,"oil,gas",CA,Large
4267330.99484116,5600886.57355423,373,Pokrovskoye, ,"oil,gas",RS,Medium
-9402690.97358943,5673039.41882988,375,Edson, ,"oil,gas",CA,Large
4090804.3902262,5654161.42860675,376,Mukhanovskoye, ,oil,RS,Large
-9143024.40317175,5562131.50482197,378,Fen Big Valley, ,"oil,gas",CA,Large
-8962472.72227335,5543291.51211159,380,Provost, ,"oil,gas",CA,Large
4062374.52900385,5619008.0916967,381,Berinovsko-Lebyazhinskoye, ,oil,RS,Medium
-8593671.81685938,5143750.3312043,382,Beaver Lodge, ,oil,US,Medium
-9067446.65591138,5446822.36088346,383,Cessford, ,"oil,gas",CA,Large
4091766.45983463,5608787.83761568,384,Kuleshovskoye, ,"oil,gas",RS,Medium
-8525377.03644944,5166639.93927451,385,Tioga, ,oil,US,Medium
4170061.10967667,5574107.37680133,386,Bobrovskoye, ,"oil,gas",RS,Medium
-9306093.64547588,5499059.24487573,387,Harmattan Elkton, ,"oil,gas",CA,Large
-8453138.03662467,5254278.92560936,388,Steelman, ,oil,CA,Large
3978694.44914435,5601887.01672268,389,Pokrovskoye, ,oil,RS,Small
-8267544.8865132,5311727.25630785,390,Virden, ,oil,CA,Medium
-9262411.42934134,5492148.83055526,391,Crossfield East, ,gas,CA,Large
3809999.5187785,5454909.69318478,392,Kalininskoye, ,oil,RS,Small
-8485082.811029,5292654.72772915,393,Midale, ,oil,CA,Medium
-9271494.40690242,5452920.63020045,394,Crossfield, ,"oil,gas",CA,Large
3638475.26237068,5468826.02428909,395,Uritskoye, ,"oil,gas",RS,Small
-8534220.21234379,5281813.76439045,396,Weyborn, ,oil,CA,Large
-9453911.60622411,5402742.70609327,397,Turner Valley, ,"oil,gas",CA,Large
3628083.89889519,5413945.02696011,398,Zhirnovskoye, ,"oil,gas",RS,Small
-8932993.19062638,5285829.7724747,399,Dollard, ,oil,CA,Medium
3639581.32308983,5344148.70683348,400,Korobkovskoye, ,"oil,gas",RS,Medium
-9035910.34234043,5346245.42569697,401,Medicine Hat, ,"oil,gas",CA,Large
-8882539.87089917,5337608.99857586,402,Cantuar, ,oil,CA,Medium
-8871961.39176071,5388466.3462242,404,Fosterton, ,oil,CA,Medium
3707112.94713925,5288604.20128366,405,Antipovsko-Balykleyskoye, ,oil,RS,Small
-8862376.20606193,5507430.93006971,406,Coleville-Smiley, ,"oil,gas",CA,Small
3618646.29777835,5270235.94579531,407,Kudinovskoye, ,"oil,gas",RS,Small
-9399167.00154986,4626314.82367946,408,Steamboat Butt, ,"oil,gas",US,Medium
-6729693.72607445,7818043.59731103,409,Drake Point, ,gas,CA,Large
-9532707.86333031,4431301.03248139,410,Big Piny, ,"oil,gas",US,Large
-6444675.97626509,7816921.90063406,411,Wallis, ,"oil,gas",CA,Large
4014872.4945613,5002286.36598525,412,Astrakhanskoye, ,gas,RS,Very large
-9604282.23978447,4292433.59699427,413,Altamont, ,oil,US,Large
-6465124.12237158,7876987.77823799,414,Whitefish, ,gas,CA,Large
-9447635.8463245,4414544.51810843,415,Backstare Basin, ,"oil,gas",US,Medium
2664489.29683658,5383789.91911672,416,Lelyakovskoye, ,"oil,gas",UP,Small
-10005006.4150938,4159439.74855341,417,"Eagle Springs,Trap Spring", ,oil,US,Medium
-6513399.2624843,7911399.64540459,418,Cisco, ,"oil,gas",CA,Large
2745514.39559972,5355813.47362351,419,Glinsko-Rosbyshevskoye, ,"oil,gas",UP,Medium
-10031377.0969779,4118355.0426918,420,Grant Canyon, ,oil,US,Medium
-6378719.55471851,7928185.35753103,421,Scate, ,"oil,gas",CA,Large
2794851.43727617,5370244.51881461,422,Timofeyevskoye, ,"oil,gas",UP,Medium
-6233320.8531531,7918122.31486264,423,King Christian, ,gas,CA,Large
2862067.59601529,5336017.35009002,424,Rybal'skoye, ,"oil,gas",UP,Medium
-10578327.7929279,3866721.02976917,425,Kettleman North Dome, ,"oil,gas",US,Large
-6167895.16915978,7969642.79692682,426,Kristoffer Bay, ,"oil,gas",CA,Large
2841958.19742766,5309821.44979299,427,Oposhnyanskoye, ,"oil,gas",UP,Large
-10541646.3301749,3807524.20192408,428,Elk Hills, ,"oil,gas",US,Large
-6038860.52763322,7944092.45409574,429,Jackson Bay, ,gas,CA,Large
-10478131.6764511,3815407.39207576,430,Kern River, ,oil,US,Large
2920238.6409676,5283806.37305622,431,Zapadno-Krestishchenskoye, ,gas,UP,Large
-5126376.10172957,4629969.56472629,432,Glenelg, ,gas,CA,Large
-10575772.1212704,3759286.28638693,433,Buena Vista, ,oil,US,Large
2972217.47497327,5255022.51324441,434,Yefremovskoye, ,gas,UP,Large
-5077009.71971587,4627387.56836278,435,Chebucto, ,gas,CA,Large
-10525427.9844787,3764549.35457402,436,Midway-Sunset, ,oil,US,Large
3012660.7666638,5260202.98557058,437,Shebelinskoye, ,gas,UP,Medium
-5093239.43374938,4674100.3876753,438,Venture, ,gas,CA,Large
-10588075.6525549,3569207.22940331,439,Long Beach, ,oil,US,Large
2844798.9360292,5242423.85099964,440,Rudenkovskoye, ,gas,UP,Medium
-4079191.87436575,4994075.00695005,441,Hibernia, ,"oil,gas",CA,Large
-10555328.9863452,3614199.57202604,442,Wilmington, ,oil,US,Very large
3307779.80378559,4964960.47938308,443,Leningradskoye, ,gas,RS,Medium
-4052413.00721054,4972914.37013169,444,Ben Nevis, ,"oil,gas",CA,Medium
-10530897.1983488,3656134.51493696,445,Santa Fe Springs, ,oil,US,Large
3250578.01985306,4910664.50320045,446,Kanevsko-Lebyazh'e, ,gas,RS,Small
-3985021.43375322,5020587.74731594,447,Whiterose, ,"oil,gas",CA,Medium
-10495325.5265851,3617306.32683923,448,Brea Olinda, ,oil,US,Large
2882619.4146269,4870030.04318457,449,Dzhankoyskoye, ,gas,UP,Small
-4969140.02020758,4671432.46223082,450,Primrose, ,"oil,gas",CA,Large
-10686632.6208898,3557017.27163144,451,Ventura, ,"oil,gas",US,Large
3084382.44239435,4857546.33995906,452,Severo-Kerchenskoye, ,gas,UP,Small
-7241468.46059621,2343918.00629615,453,Cristales, ,oil,CU,Small
-10348547.6884239,3405002.02219898,454,Extremeno,0846,gas,MX,Medium
3209086.86635266,4795669.82031542,455,Levkinskoye, ,oil,RS,Small
-5578624.57718351,1392094.90084007,456,Woodbourne, ,oil,BD,Small
-9299119.84387236,3291510.35910216,457,Yañez, ,gas,US,Large
-10520751.5763857,3562208.15925703,458,South Cuyama, ,oil,US,Medium
3195232.70020802,4823828.16808154,459,Anastasiyevsko-Troitskoye, ,"oil,gas",RS,Large
-9208470.11727613,3337098.82238588,460,Yates, ,oil,US,Large
-7549361.97263257,2473148.81170377,461,Boca de Jaruco, ,oil,CU,Small
3384203.53330478,4774739.00248908,462,Maykopskoye, ,gas,RS,Medium
-9216658.61549555,3383358.43655095,463,McElroy, ,oil,US,Large
3459767.02804219,4855785.85691781,464,Rasshevatskoye, ,gas,RS,Medium
-9282122.05474558,3340291.15547787,465,Coyanosa, ,gas,US,Large
3563973.16985116,4876322.88579095,466,Takhta-Kugul'tinskoye, ,gas,RS,Medium
-9256889.55577499,3402255.38954851,467,"Goldsmith,Cowden South", ,"oil,gas",US,Large
-9201724.71824781,3454532.90818179,468,Cowden North, ,"oil,gas",US,Large
3531888.19108457,4825552.40258219,469,Severo-Stavropol'skoye, ,gas,RS,Small
-9235060.98842852,3472032.36608758,470,Spraberry Trend, ,oil,US,Large
3759432.34111926,4874913.30344582,471,Iki-Burul'skoye, ,gas,RS,Small
-9265487.68717548,3477578.27355926,472,Lockridge, ,gas,US,Large
3693015.82111997,4821405.66014942,473,Mirnenskoye, ,gas,RS,Medium
-9185387.15886491,3540641.8279161,474,Wasson, ,oil,US,Large
3811219.70868959,4812331.96106141,475,Velichayevsko-Kolodeznoye, ,oil,RS,Medium
-9171258.40940413,3582679.0134028,476,Levellend, ,"oil,gas",US,Large
3783734.68932242,4779827.30577594,477,Achikulakskoye, ,oil,RS,Small
3961437.70968577,4870170.30259035,478,Promyslovskoye, ,gas,RS,Small
-8950544.09897185,3844250.38202058,479,Panhandl-Hugoton, ,gas,US,Very large
3798883.35221276,4652553.54909098,480,Malgobek-Voznesenskoye-Ali-Yurt, ,"oil,gas",RS,Small
3820368.44312951,4638719.44540656,481,Karabulak-Achalukskoye, ,oil,RS,Small
3920008.19193347,4640966.688614,482,Bragunskoye, ,oil,RS,Small
5571932.44917482,7212014.7847654,483,"Soleninskoye,Pelyatkinskoye", ,gas,RS,Large
3950691.66710967,4586817.88170566,484,Benoyskoye, ,"oil,gas",RS,Small
5659624.10227298,7184218.51380254,485,Messoyakhskoye, ,gas,RS,Small
4039579.70351455,4597918.17675175,486,Makhachkala-Tarki, ,"oil,gas",RS,Small
77144.1273881435,6094740.68859853,487,Forties, ,oil,UK,Large
12869387.1417277,6691833.37128225,488,Verkhnetelekayskoye, ,"oil,gas",RS,Small
710875.995387367,5600665.04270958,489,Sulingen, ,gas,GM,Large
12621568.78198,6734233.91055729,490,Verkhneeklogskoye, ,oil,RS,Small
805736.06649783,5777203.4047758,491,Schwedenecksee, ,oil,GM,Small
7715210.78395758,6339434.57501558,492,Sobinskoye, ,"oil,gas",RS,Large
689359.350285089,5736015.85820508,493,Mittelplate, ,oil,GM,Medium
8362345.14355147,6578387.27334053,494,Mochchobinskoye, ,"oil,gas",RS,Medium
497927.843884564,5679577.55389959,495,Ameland, ,gas,NL,Large
8536277.47936196,6514595.56321953,496,Verkhnevilyuchanskoye, ,"oil,gas",RS,Large
8461760.46469757,6479090.01289202,497,Taas-Yuryakhskoye, ,"oil,gas",RS,Large
3592557.37976049,4480686.20392776,498,Shromisubani-Tskaltsmindskoye, ,oil,GG,Small
8401844.95667783,6497827.49750178,499,Srednebotuobinskoye, ,"oil,gas",RS,Large
3922025.1285325,4447050.59276727,500,Samgori-Patardzeul'skoye, ,oil,GG,Medium
8389603.78386788,6380472.61613622,501,Nizhnekhamaninskoye, ,"oil,gas",RS,Large
4171174.94607679,4271725.40895613,502,Muradkhanly, ,oil,AJ,Small
8224282.65546278,6356236.41723412,503,Verkhnechonskoye, ,"oil,gas",RS,Large
8168936.25864093,6311949.79253956,504,Danilovskoye, ,"oil,gas",RS,Medium
4344492.46754269,4329934.51457136,505,Balakhany-Subunchi-Ramaninskoye, ,oil,AJ,Medium
8681381.94565845,6691187.56325329,506,Nizhnetyukanskoye, ,gas,RS,Small
4337775.15533503,4267672.64718613,507,"Banka Makarova,Sangachaly-More", ,"oil,gas",AJ,Large
8701189.69665653,6742292.3546368,508,Srednetyungskoye, ,gas,RS,Large
485549.927279486,556477.498448371,509,Okan, ,oil,NI,Large
8921787.09188271,6705396.59446499,510,Srednevilyuyskoye, ,gas,RS,Large
516048.182967756,543650.258057222,511,Forkados, ,oil,NI,Large
9064649.15691456,6656838.98497148,512,Tolon-Mastakhskoye, ,gas,RS,Large
528688.228227905,602498.334006751,513,Jones Creek, ,oil,NI,Large
610680.630665763,474782.769459553,514,Nembo Creek, ,oil,NI,Large
9102858.32672633,6671981.62153068,515,Sobolokh-Nedzhilinskoye, ,gas,RS,Large
623195.0685645,564504.963408818,516,Obagi, ,oil,NI,Large
9106208.84480832,6738363.17915294,517,Ust'-Vilyuyskoye, ,gas,RS,Medium
676419.294408468,548962.407470952,518,Imo River, ,oil,NI,Large
12244511.413259,5861681.67107993,519,Nizhnekvaakchikskoye, ,gas,RS,Small
682166.042221631,504450.614766547,520,Bomu, ,oil,NI,Large
8225621.42440012,6120513.97288927,521,Yaraktinskoye, ,"oil,gas",RS,Large
812258.45283797,458269.514134153,522,"Ekoundou,Kole,Kombo Center", ,oil,CM,Medium
8275968.50170618,6072802.43142676,523,Markovskoye, ,"oil,gas",RS,Medium
-543326.239636161,516849.227852622,524,Foxtrot, ,gas,IV,Small
11396766.7295346,5664755.91644045,525,Volchinka, ,"oil,gas",RS,Medium
-358243.735734616,527055.054947551,526,Belier, ,oil,IV,Small
11353454.5511353,5670192.12122199,527,Astrakhanovskoye, ,gas,RS,Small
806671.121119051,-98476.1441352902,528,Anguille, ,oil,GB,Medium
11465146.6571603,5608035.66398836,529,Krapivnenskoye, ,"oil,gas",RS,Small
816762.680627457,-175357.31162633,530,Grondin Marine, ,oil,GB,Large
11556056.5650264,5515805.2965325,531,Mongi, ,"oil,gas",RS,Medium
949468.817753404,-260160.381725503,532,Rabi Kounga, ,oil,GB,Large
10563499.1995061,4708033.62914346,533,Gongzhuling, ,oil,CH,Large
989687.955158234,-336579.266245927,534,"Gamba,Ininga", ,oil,GB,Large
9310892.73129575,4779019.24232492,535,Dzunbayin, ,oil,MG,Small
1051552.91691001,-469484.328364503,536,Luango, ,oil,GB,Medium
9307490.46750915,4723353.53524061,537,Tsagan-Els, ,oil,MG,Small
1098337.92233241,-547021.666858545,538,Emeraude, ,oil,CF,Large
6265316.10507779,3095942.56884753,539,Pirkoh, ,gas,PK,Medium
1117268.17294236,-572546.774477532,540,Takula, ,oil,AO,Large
1140072.83726584,-645286.790577716,541,Mibale, ,oil,CG,Medium
6288827.7920868,3036226.13420773,542,Sui,0270,gas,PK,Large
8041271.84854858,2122250.57448581,543,Ravva, ,"gas,oil",IN,Medium
6348365.7298509,2978167.78894072,544,Mari,0202,gas,PK,Large
-9861577.56084607,7274147.56211373,545,Point Thomson, ,"oil,gas",US,Large
1121285.47763681,-608433.362556179,546,"Malongo,group", ,oil,AO,Large
10465133.9688061,4065699.83927731,547,Bozhong, ,oil,CH,Small
6296958.23560202,2643270.33494367,548,Khaskheli, ,oil,PK,Small
-5810069.5089344,1095508.43665189,549,Soldado, ,oil,TD,Large
10193364.9807553,1902891.72835938,550,Yacheng, ,gas,CH,Large
6725114.19771767,2343763.10519605,551,Gandhar, ,"oil,gas",IN,Large
1177816.07748462,-736258.953982761,552,Palanca-Pacassa, ,oil,AO,Large
8900056.70096569,1631887.95274178,553,3-CA, ,gas,MJ,Large
6750233.40400747,2293641.41346542,554,Ankleshvar, ,oil,IN,Large
-5764630.12426027,1093602.49243607,555,Forest Reserve, ,oil,TD,Large
10190723.5661283,1091555.54766227,557,Bach Ho, ,"gas,oil",VM,Large
7479289.50025557,1142568.133315,558,Narimanan, ,oil,IN,Small
1434832.90900009,-3051116.70967831,559,Kudu, ,gas,WA,Medium
-5695077.29727642,1055930.27342214,560,Teak, ,"oil,gas",TD,Large
10165723.1921215,1054888.32149099,561,Rong(Dragon), ,oil,VM,Medium
8025024.30082889,4170092.51916096,562,Xiaolianshan, ,gas,CH,Medium
3169173.90721808,-2445633.29765302,563,Pande, ,gas,MZ,Large
-5690005.29740852,1098798.94027851,564,Samaan, ,"oil,gas",TD,Large
9549769.74450915,1067345.36591477,565,"Kafong,Platong", ,gas,TH,Large
8287263.89593736,4088304.31335091,566,Mahai, ,gas,CH,Large
1809954.6439474,-3761043.78863822,567,Mossel Bay, ,"oil,gas",SF,Large
-10586346.4351018,4055346.05861776,568,Rio Vista, ,gas,US,Large
9537059.76243639,1020000.41377351,569,Satun, ,gas,TH,Large
8358389.08863712,3998051.29035633,570,Yanhu, ,gas,CH,Large
1210285.00963204,3171104.01032658,571,Emgayet, ,oil,LY,Medium
90665.1744588101,6512256.96343306,572,Magnus, ,oil,UK,Large
9550476.29902315,980273.007781986,573,Erawan, ,gas,TH,Large
10152421.0632559,4003455.51755545,574,"Huabei,group", ,oil,CH,Large
324295.657630167,3496440.93310169,575,Hassi R'Mel, ,gas,AG,Very large
9597462.14406932,972907.48663792,576,Baanpot, ,gas,TH,Medium
108838.917158959,6481698.71631604,577,Dunlin, ,oil,UK,Large
10308426.6001437,4084932.68077261,578,"Dagang,group", ,oil,CH,Large
9671248.39847416,848101.272852037,579,Bongkot, ,gas,TH,Large
141200.728818523,6457775.14678867,580,Statfjord, ,"gas,oil",NO,Very large
8357785.05399896,2500691.68931165,581,Bakhrabad, ,gas,BG,Large
536896.137263663,3447432.65844236,582,Hassi Messaoud, ,oil,AG,Very large
9742513.15499152,807641.079339988,583,Pilong, ,gas,MY,Large
8371953.31862405,2551587.93560351,584,Titas, ,gas,BG,Large
166099.810858494,6443064.5695783,585,Gullfaks, ,"gas,oil",NO,Large
601189.78307264,3401214.71319652,586,Rhoud-el-Baguel, ,oil,AG,Large
9911952.32370907,685077.955154194,587,Tapis, ,"gas,oil",MY,Large
8385477.60782489,2663490.96297746,588,Chhatak, ,gas,BG,Medium
180871.116323813,6482672.78919863,589,Snorre, ,oil,NO,Large
846397.130019012,3356932.72098395,590,El-Borma, ,oil,TS,Large
9894677.45424607,617157.14253653,591,Duyong, ,"oil,gas",MY,Large
8444655.03266913,2614778.63903693,592,Habiganj, ,gas,BG,Large
8461997.70171825,2654241.19881688,593,Sylhet, ,"oil,gas",BG,Medium
117484.861280222,6441700.22066104,594,Brent, ,"gas,oil",UK,Large
598783.240886338,3260565.62634838,595,Gassi Touil, ,gas,AG,Large
9948068.5926647,607963.045958786,596,Seligi, ,"gas,oil",MY,Large
8717605.84254489,2995925.8786981,597,Nahorkatiya, ,oil,XL,Large
9933264.40013743,416525.826329414,598,Belida, ,oil,ID,Large
102769.11129392,6408681.71801275,599,Ninian, ,oil,UK,Large
997595.663733537,3692757.50467708,600,Ashtart, ,oil,TS,Large
8758578.15810199,2967028.22154676,601,Digboi, ,oil,XL,Medium
9968914.80317393,515115.503177028,602,Udang, ,oil,ID,Medium
195025.538533921,6381260.16488794,603,Oseberg, ,"gas,oil",NO,Large
1024136.89424512,3663694.03858846,604,Miskar, ,gas,TS,Medium
9703257.5011673,2999680.16982459,605,Shiyougou, ,gas,CH,Large
11130901.0814498,1267328.85144416,606,Camago, ,gas,RP,Large
8780650.1464364,2166446.98841958,607,Mann, ,oil,BM,Medium
11163687.7001083,1194758.04582568,608,"Nido,Cadlao,Matinloc", ,oil,RP,Small
290519.043124431,6391859.6009217,609,Troll, ,"oil,gas",NO,Very large
1112408.01923467,3587496.18904153,610,Bouri, ,"gas,oil",LY,Large
8818899.96641455,2194503.00862871,611,Yenangyaung, ,oil,BM,Medium
10931534.1970981,718234.280514931,612,Tembungo, ,oil,MY,Large
155973.745529302,6306162.40643446,613,Frigg, ,gas,NO,Large
8784131.61653236,2240567.96614318,614,Chauk-Lanywa, ,oil,BM,Medium
10841661.2038803,605480.409133801,615,Samarang, ,oil,MY,Large
1786380.28845263,3174591.21480117,616,Hateiba, ,gas,LY,Large
10814306.7369565,539009.766485789,617,Champion, ,"oil,gas",BX,Large
117410.414264332,6277492.10652843,618,Beryl, ,"gas,oil",UK,Large
1794006.01808265,3097754.4963378,619,Nasser(Zelten), ,oil,LY,Very large
9338740.51615823,1839053.61944129,620,"Sirikit,Sirikit West", ,oil,TH,Medium
10779905.4073722,525342.181085161,621,S.W.Ampa, ,"oil,gas",BX,Large
-37018.7462263555,6175310.47769343,622,Claymore, ,oil,UK,Large
1810332.58540665,3027193.36568663,623,Defa, ,oil,LY,Large
9547648.51399696,1813899.44370073,624,Nam Phong, ,gas,TH,Large
10744495.4411853,512312.908579295,625,Fairley, ,"oil,gas",BX,Medium
23734.6630651827,6159800.67070575,626,Piper, ,oil,UK,Large
97539.7156499449,6203694.91412894,627,"North Brae,South Brae", ,"gas,oil",UK,Large
10707466.5526003,508424.338215792,628,Baram, ,oil,MY,Large
1893294.25457663,3177657.38003134,629,Amal, ,oil,LY,Very large
142826.956961273,6170740.33948998,630,Sleipner, ,"oil,gas",NO,Large
1884789.10450151,3102280.02224901,631,"Intizar,group", ,oil,LY,Very large
10565707.3131684,504568.556778148,632,F6, ,gas,MY,Large
10582983.1474122,457073.069942379,633,F13, ,gas,MY,Large
219232.049110568,6055759.56462838,634,Ula, ,"gas,oil",NO,Large
1951105.51810551,3069419.63125349,635,Gialo, ,oil,LY,Very large
12483012.7408064,3931991.64760465,636,Iwaki, ,gas,JA,Small
177156.314299204,5984425.659133,637,Fulmar, ,oil,UK,Large
9573673.99056854,1759864.38958087,638,Chonnabot, ,gas,TH,Medium
2057448.24798426,3137110.33266132,639,Bu Attifel, ,oil,LY,Large
9987972.81843987,-576574.448383834,640,Krisna, ,oil,ID,Large
264090.7049425,5975257.40745548,641,Ekofisk, ,"gas,oil",NO,Large
9167605.64976173,516340.909557178,642,Arun, ,gas,ID,Large
10022249.844415,-600207.708572069,643,Cinta Rama, ,oil,ID,Medium
350805.002334952,5900636.96297253,644,Tyra, ,gas,DA,Large
10138786.6519698,-617350.216909465,645,Arjuna, ,oil,ID,Large
9241538.66475025,442591.288905066,646,Rantau, ,oil,ID,Large
2057295.1424644,3016163.61257551,647,Sarir, ,oil,LY,Very large
10783975.8096567,-810894.120936655,648,Pagerangan, ,oil,ID,Large
383818.493325041,5881362.58305456,649,Dan, ,"gas,oil",DA,Large
9509439.90131804,178225.692652808,650,Bangko, ,oil,ID,Large
2744003.7335531,3375542.40701314,651,Abu-Kir, ,gas,EG,Large
9343753.42955704,1087470.17832932,652,Nang Nuan, ,oil,TH,Small
9533766.23115539,133495.514254704,653,"Pematang,Petani", ,oil,ID,Large
13563150.2410347,-937421.140070732,654,Pandora, ,gas,PP,Large
-639438.74434815,5481102.88618755,655,Kinsale Head, ,gas,EI,Large
2818110.08469824,3331090.43570065,656,Abu-Mady, ,gas,EG,Large
10212424.7653672,1004210.11746767,657,Dai Hung, ,oil,VM,Large
9570604.12658471,105924.214126553,658,"Bekasap,Duri", ,oil,ID,Large
-286463.251939153,5726318.72246972,659,Morecambe, ,gas,UK,Large
2988963.97491299,3087777.29227702,660,Oktober, ,oil,EG,Large
10362750.5083372,4103595.69046272,661,Chengbei, ,oil,CH,Small
9604554.99093707,93123.8917264103,662,Minas, ,oil,ID,Very large
-138624.216296286,5398541.64046939,663,Wytch Farm, ,oil,UK,Medium
2584725.90982307,3164151.30257672,664,Badr El Din, ,oil,EG,Large
3000264.25308442,3058727.80849842,665,Belayim Marine, ,oil,EG,Large
10803041.6671443,478836.085777698,666,Seria, ,oil,BX,Large
2783825.68475719,1060282.61493195,667,Heglig, ,oil,SU,Medium
80156.8739691246,5739588.78738354,668,Ravenspurn, ,gas,UK,Large
10753748.1732638,449858.52503946,669,Miri, ,oil,MY,Medium
3047789.03273642,3012614.55886522,670,El Morgan, ,oil,EG,Large
2826983.44119547,1023741.13142945,671,Unity, ,oil,SU,Medium
11144261.966404,2608381.26612207,672,Tiechengshan, ,gas,TW,Small
135591.253045889,5642772.40701156,673,Hewett, ,gas,UK,Large
587465.163076201,3204910.94647348,674,Rhourde Nouss, ,"oil,gas",AG,Large
911956.304574914,301248.30334721,675,Sanaga South, ,oil,CM,Medium
12181120.5561027,3938690.70883178,676,Kubiki, ,oil,JA,Small
177728.35080828,5651144.78356889,677,Leman Bank, ,gas,UK,Large
12220773.0395948,4045665.86109525,678,"Aga-Oki,Agaoki-Kita", ,oil,JA,Small
256468.193286865,662232.708522699,679,Seme, ,oil,BN,Small
186911.834994304,5699666.47329248,680,Viking, ,gas,UK,Large
623383.153757405,3140491.64771201,681,Tin Fouye, ,"gas,oil",AG,Large
12230309.1655865,4198562.50231166,682,Yabase, ,oil,JA,Small
464789.129460055,618295.367987132,683,Meren, ,oil,NI,Large
5066229.97732079,2330575.18662049,684,Al Huwaisah, ,oil,SA,Large
211641.482767814,5679217.6940769,685,Indefatigable, ,gas,UK,Large
9777604.9325677,-338015.552027022,686,Talang Akar, ,oil,ID,Large
483892.356320496,589700.039450403,687,Delta South, ,oil,NI,Large
5076877.0379646,2370111.79540606,688,Yibal, ,"gas,oil",SA,Large
300191.580687198,5677140.56313735,689,K/12, ,gas,NL,Large
854330.830800608,3035156.72461747,690,Alrar, ,"oil,gas",AG,Large
9811686.39466699,-379383.516354688,691,Limau, ,oil,ID,Large
205143.766750369,3002410.66149261,692,Reg, ,gas,AG,Large
5137039.19347315,2394323.67792577,693,Fahud, ,oil,MU,Large
9849499.51877949,-376100.371838618,694,Talang Jimar, ,oil,ID,Large
327919.692861261,5639497.42638869,695,"Haven,Helder,Helm,Hoorn", ,oil,NL,Medium
874202.573522025,2993017.8362231,696,Zarzaitine, ,"gas,oil",AG,Large
10951085.5230748,-145702.189403786,697,Sanga-Sanga, ,oil,ID,Large
809780.17302419,2861359.97980545,698,Tiguentourine, ,"oil,gas",AG,Large
5181353.22805457,2416026.12010454,699,Natih, ,oil,MU,Large
3850288.6029314,7192444.1628964,700,Severo-Gulyayevskoye, ,"oil,gas",RS,Large
10983712.901614,-165010.124194695,701,"Badak,Bekapai", ,"gas,oil",ID,Large
3081242.85510834,2946805.33671907,702,Zeit Bay, ,oil,EG,Large
3979510.10334552,6676120.35754155,703,Zapadno-Tebukskoye, ,oil,RS,Medium
5209726.63189656,2201983.47907942,704,Saih Nihayda, ,oil,MU,Large
11000905.9055151,-128656.788618368,705,Handil, ,oil,ID,Large
4098019.5928177,6793061.30298942,706,Kyrtayel'skoye, ,"oil,gas",RS,Medium
5260443.76334189,2210634.01539902,707,Qarn Alam, ,oil,MU,Large
11045557.0471728,-118168.159082134,708,Tambora, ,gas,ID,Large
4147207.07558491,6752712.79364247,709,Zapadno-Soplesskoye, ,gas,RS,Medium
11025809.4017368,-68301.5831835967,710,Pamaguan, ,oil,ID,Large
5159785.99780722,1965630.41886978,711,Marmul,0202,oil,MU,Large
12397609.3197104,-140792.697811705,712,Walio, ,oil,ID,Large
3907997.57485843,6647980.97738561,713,Yaregskoye, ,oil,RS,Large
5180320.81567014,2019033.01467616,714,Nimr, ,oil,MU,Large
9220571.31239806,2116261.30513441,715,"Mae Soon,Mae Fang", ,oil,TH,Small
4027160.59018406,6636026.20755396,716,Dzh'yerskoye, ,oil,RS,Small
5233973.9769798,2027532.78735114,717,Rima, ,oil,MU,Large
4764263.02578163,4167964.72033519,718,Kuydzhik, ,"oil,gas",TX,Medium
4117272.46974141,6635685.13806962,719,Pashninskoye, ,"oil,gas",RS,Medium
4243176.60980667,1676919.92008639,720,Azal, ,oil,YM,Medium
8026223.33358214,5938974.21119669,721,Bratskoye, ,gas,RS,Medium
4160534.90230358,6665983.04647881,722,Vuktyl'skoye, ,"oil,gas",RS,Large
4255393.43570455,1648070.2279822,723,Alif, ,oil,YM,Large
13314066.9331889,-539041.529155665,724,Hides, ,gas,PP,Large
-614624.038367727,3935709.77610667,725,Golfo de Cadiz,1101,gas,SP,Small
4361857.1035404,1646655.7251683,726,"Eyad W,Eyad E", ,oil,YM,Medium
13402071.3268839,-587444.149017469,727,Juha, ,gas,PP,Large
-232540.930942235,4650620.41425104,728,Gaviota, ,gas,SP,Medium
4497599.59552104,7367789.70402509,729,Kharasaveyskoye, ,gas,RS,Very large
13478016.5063726,-690948.45248096,730,"Jagifu,Hedinia", ,oil,PP,Medium
-98271.7347121558,4757742.02240924,731,Cazaux, ,oil,FR,Medium
4583556.2915764,7255097.33180816,732,Kruzenshternskoye, ,gas,RS,Very large
4133177.45630871,5470944.28126537,733,Zapadno-Teplovskoye, ,"oil,gas",KZ,Small
-92116.4494948771,4733801.68503189,734,Parentis, ,oil,FR,Medium
4623220.53897234,7303687.4851377,735,Bovanenkovskoye, ,gas,RS,Very large
-56037.0882737936,4638880.70104665,736,Lacq, ,gas,FR,Large
4319190.70012031,5452020.04904464,737,Kara-Chaganakskoye, ,"oil,gas",KZ,Very large
4712429.8400498,5166281.33571857,738,Kenkiyakskoye, ,oil,KZ,Large
4812687.45507541,7377612.37811218,739,Yuzhno-Tambeyskoye, ,gas,RS,Very large
212002.730983883,5184541.56440733,740,Chaunoy, ,oil,FR,Small
4399351.64657034,5070414.27487368,741,Dossor, ,oil,KZ,Small
248032.561339176,5201099.66548228,742,Villeperdu, ,oil,FR,Small
4804589.85985421,7238142.68626997,743,Arkticheskoye, ,"oil,gas",RS,Large
4475987.35304226,5049481.15905658,744,Komsomol'skiy, ,oil,KZ,Small
373831.116047459,5598805.7070819,745,Bergen, ,gas,NL,Medium
4445021.36303975,5002905.59200505,746,Karsak, ,oil,KZ,Small
4393192.2067909,5031355.07091495,747,Baychunas, ,oil,KZ,Small
4247816.14746829,5020525.97425611,748,Kamyshitovyy Yugo-Zapadnyy, ,"oil,gas",KZ,Medium
4348721.74022218,4692568.57098866,749,Dunga-Espelisay, ,"oil,gas",KZ,Medium
4445262.39402528,4649336.53228189,750,Zhetybay, ,"oil,gas",KZ,Large
4488143.76709283,4638574.96233548,751,Uzen', ,"oil,gas",KZ,Large
410494.657327973,5599264.11506645,752,Middelie, ,gas,NL,Large
4512838.40172593,4613998.77261952,753,Tenginskoye, ,oil,KZ,Very large
534383.249967094,5656333.2565048,754,Groningen, ,gas,NL,Very large
4342967.50051948,4789035.27371492,755,Karazhanbas, ,"oil,gas",KZ,Medium
555372.850249402,5606877.35672273,756,Schoonebeek, ,oil,NL,Large
4381840.31344558,4798771.19018958,757,Severnyy Buzachi, ,"oil,gas",KZ,Large
571998.230542975,5586636.93887585,758,"Bramberg,Ruhle,Georgsdorf",1172,oil,GM,Medium
4397971.40756393,4826062.82308623,759,Kalamkas, ,"oil,gas",KZ,Large
664469.449630414,5605384.2161546,760,Visbek, ,gas,GM,Medium
922568.486251008,5606268.02144562,761,Salzwedel, ,gas,GM,Large
4487147.60918988,4872919.90928122,762,Prorva Vostochnaya i Tsentral'naya, ,"oil,gas",KZ,Small
4494154.86975823,4944053.93534773,763,Karaton-Koshkimbet, ,"oil,gas",KZ,Small
113933.706336832,4352189.67491838,764,Casablanca, ,"gas,oil",SP,Medium
4516516.87030889,4998634.37174761,765,Kul'sary, ,"oil,gas",KZ,Small
743309.22521548,4853534.75637453,766,Villa Fortuna, ,gas,IT,Large
4616553.13299423,4938126.00118497,767,Tortay, ,oil,KZ,Small
797423.519809177,4865264.34520153,768,Malossa, ,gas,IT,Large
4728320.92286001,4865948.16094202,769,Chagyrly-Chumyshty, ,gas,KZ,Small
1297246.88344883,3896416.70752491,770,Vega, ,oil,IT,Large
5087767.5113247,4277173.34437577,771,Darvaza-Zaaglinskoye, ,gas,TX,Large
1302335.22671825,3944306.96731418,772,Ragusa, ,oil,IT,Medium
4638345.73895502,4216441.42647128,773,Cheleken, ,oil,TX,Small
1264832.45848206,3953349.09253974,774,Gela, ,oil,IT,Medium
4677171.65440383,4218579.43931352,775,Leninskoye, ,oil,TX,Large
1275528.06257917,4035576.88168713,776,Gagliano, ,gas,IT,Medium
4709643.37565601,4178546.3969846,777,Burun, ,"oil,gas",TX,Medium
1504825.1140552,4179529.65195468,778,Luna, ,gas,IT,Medium
2364401.6962967,4355743.48320702,779,Murefte,0272,gas,TU,Small
1192976.33125908,4605503.0963207,780,Santa Maria-Mare, ,oil,IT,Medium
7257460.5473334,4912764.6236431,781,Karamay, ,oil,CH,Large
1057720.04866367,4725624.36595206,782,Ravenna-Mare, ,gas,IT,Medium
1079146.85912419,4738899.5627571,783,Porto Corsini-Mare, ,gas,IT,Large
1069863.96290166,4757517.49586947,784,Porto Garibaldi-Agostine, ,gas,IT,Large
1383020.69986075,5149224.84589281,785,"Matzen,group", ,"gas,oil",AU,Large
2125074.7450892,4364564.02678076,786,Prinos, ,"gas,oil",GR,Medium
1879747.65244883,5288895.65208125,787,Khodnovichskoye, ,gas,UP,Medium
1945911.05663941,5266752.43366971,788,Rudkovskoye, ,gas,UP,Small
1923733.15954257,5239884.72066365,789,Borislavskoye, ,"oil,gas",UP,Small
1961911.92174001,5212084.35000296,790,Severodolinskoye, ,"oil,gas",UP,Small
2019477.62657135,5158558.35648348,791,Bitkov-Babchenskoye, ,"oil,gas",UP,Medium
2657241.00486996,4859446.93009759,792,Golitsinskoye, ,gas,UP,Medium
2398145.69605091,5535572.39096891,793,Zolotukhinskoye, ,"oil,gas",BO,Small
2443871.54954699,5544894.95414272,794,Rechitskoye, ,oil,BO,Small
2397855.42671987,5574572.47547638,795,Berezinskoye, ,oil,BO,Medium
2333490.49130785,5571683.25292352,796,Vishanskoye, ,oil,BO,Small
1673113.99685771,5878686.28899747,797,Degliai, ,oil,LH,Small
1689069.66785877,5891685.4695087,798,"Siupariai,Vilkiciai",01651612,oil,LH,Small
1696752.35818883,5917812.8640136,799,"Genciai,Plunge",04121420,oil,LH,Small
1601584.45620938,5803625.59024331,800,Ladushkinskoye, ,oil,RS,Small
1665787.71879003,5794728.02318037,801,Ushakovskoye, ,oil,RS,Small
1716914.87477475,5814600.41950777,802,Slavskoye, ,oil,RS,Small
1756316.09110423,5784924.23233231,803,Gusevskoye, ,oil,RS,Small
4359454.13748745,6145090.24546263,804,Yarino-Kamennolozhskoye, ,"oil,gas",RS,Medium
4396816.76955662,6059569.00211767,805,Kokuyskoye, ,"oil,gas",RS,Large
4037364.60123621,6177285.57126832,806,Zolotarevskoye, ,oil,RS,Small
4105781.36312024,6062385.07924156,807,Chutyrsko-Kiyengopskoye, ,"oil,gas",RS,Large
4189817.32997308,6037250.8148513,808,Mishkinskoye, ,"oil,gas",RS,Large
4260901.83257654,6054303.95341589,809,Osinskoye, ,oil,RS,Large
4210900.06409978,5965860.37491197,810,Yel'nikovskoye, ,oil,RS,Large
4243544.46076713,5926146.64615063,811,Arlanskoye, ,oil,RS,Large
4301750.33247577,5970052.86959668,812,Krasnoyarsko-Kuyedinskoye, ,"oil,gas",RS,Large
4369746.1325706,5932223.15295387,813,Teplyakovskoye, ,oil,RS,Small
4403454.72182201,5962561.90598829,814,Pavlovskoye, ,"oil,gas",RS,Large
4430216.20771551,5880206.61822354,815,Kushkul'skoye, ,oil,RS,Medium
4274712.77584297,5869831.89918996,816,Mancharovskoye, ,oil,RS,Medium
4083479.01483174,5908449.36307694,817,Pervomayskoye, ,oil,RS,Medium
4039105.00035544,5859454.43967888,818,Tavel'skoye, ,oil,RS,Medium
4151778.40950682,5818719.61127501,819,Romashkinskoye, ,oil,RS,Very large
4412697.6665152,4284717.33727805,820,Neftyanye Kamni, ,"oil,gas",AJ,Large
4261259.33863459,4250863.67861525,821,Kyurovdag, ,"oil,gas",AJ,Large
10853329.6236577,-2118703.58534597,822,Wanaea, ,oil,AS,Medium
10810591.650243,-2132849.57834609,823,North Rankin, ,gas,AS,Large
10756685.3547411,-2160946.20449181,824,Goodwyn, ,gas,AS,Large
10682344.2119311,-2221801.48601822,825,Barrow Island, ,"gas,oil",AS,Large
10630090.3448627,-2257996.92778949,826,Gorgon, ,gas,AS,Large
10433511.9061374,-3265095.45727035,827,Dongara, ,"gas,oil",AS,Small
11836508.3114054,-1256316.33902479,828,Jabiru, ,oil,AS,Medium
11791253.4329187,-1311749.75497609,829,Chaliss-Cassini, ,oil,AS,Small
12012350.6369515,-1472241.39146558,830,Petrel, ,gas,AS,Small
11972467.7999739,-1499071.80905161,831,Tern, ,gas,AS,Small
11411195.5716638,-1496200.185997,832,Scott Reef, ,gas,AS,Large
11379453.3571613,-1548052.49522321,833,Brecknock, ,gas,AS,Large
11574880.7684701,-1952439.54431592,834,Blina, ,oil,AS,Medium
12118257.3036543,-2594536.55912701,835,Mereenie, ,"gas,oil",AS,Medium
12224988.0673931,-2592926.5492764,836,Palm Valley, ,gas,AS,Medium
12885428.4741246,-2936492.70841931,837,Tirrawarra, ,"gas,oil",AS,Medium
12938527.3425078,-2982677.21059613,838,Della, ,gas,AS,Medium
13031134.7465352,-2990415.26626936,839,Jackson, ,oil,AS,Medium
12828500.9297895,-2998511.31814006,840,"Gidgealpa,Moomba", ,gas,AS,Large
12824742.7238907,-3058604.86631114,841,Strzelecki, ,"gas,oil",AS,Medium
12977899.4108816,-4085866.17153513,842,Snapper, ,"oil,gas",AS,Large
13022870.8009326,-4096778.61549861,843,Marlin, ,gas,AS,Large
12893924.4731569,-4139165.99632547,844,Barracouta, ,"oil,gas",AS,Large
12974094.1938864,-4152795.44244273,845,Halibut, ,oil,AS,Large
12916384.8804321,-4161492.14656399,846,"Kingfish,West Kingfish", ,oil,AS,Large
13686549.9660649,-2977810.99057403,847,Moonie, ,oil,AS,Small
15203928.858642,-4200228.08345125,848,Kapuni, ,gas,NZ,Medium
15088038.6699632,-4240581.97504967,849,Maui, ,gas,NZ,Large
3092442.72924458,3966497.89506397,850,Bulgurdag,0928,oil,TU,Small
3464577.13632163,4039865.36352815,851,Beykan, ,oil,TU,Small
3563049.11376927,4126073.63363627,852,Selmo, ,oil,TU,Medium
3625781.61261075,3859687.66188233,853,Jebisseh, ,oil,SY,Large
3556366.39522671,3744829.50998631,854,Tayyim(Thayyem), ,oil,SY,Large
3605652.01517519,3737833.39773483,855,Omar(Shahel), ,oil,SY,Large
3618941.50090204,3664284.94245775,856,El Ward, ,oil,SY,Large
3896395.76032079,3766164.82232308,857,Bai Hassan, ,"gas,oil",IZ,Large
3995485.71402597,3538233.66528979,858,Eastern Baghdad, ,oil,IZ,Very large
3123743.04772569,3352799.28848238,859,"Kochav,Heletz-Brur", ,oil,IS,Small
3191561.18357198,3316071.68489751,860,Zohar, ,gas,IS,Small
4755893.85852583,4004059.53533561,861,Chikishlyar, ,gas,TX,Medium
4818877.39602225,3909029.84074639,862,Gorgan,0502,gas,IR,Medium
4707137.20909462,5105631.00226264,863,Karatyube, ,oil,KZ,Small
4759873.69036351,5142920.8780844,864,Zhanazhol, ,"oil,gas",KZ,Large
4903255.84941242,4682462.67435415,865,Kuanysh, ,gas,UZ,Small
4834201.73904734,4541607.20929717,866,Shakhpakhtinskoye, ,gas,UZ,Medium
4415171.0705876,3326291.41253458,867,Marun,0470,"gas,oil",IR,Very large
4464231.00478637,3296569.94384211,868,Agha Jari, ,"gas,oil",IR,Very large
4532748.60196928,3258504.6665574,869,Pazanan,02020602,"oil,gas",IR,Very large
4562474.79210996,3215903.20082799,870,Bibi Hakimeh, ,"gas,oil",IR,Very large
4599510.02012601,3215733.4343246,871,Gachsaran,06020802,"gas,oil",IR,Very large
4398835.8238861,3295393.79444185,872,Ahwaz, ,"gas,oil",IR,Very large
4298079.04171849,3292914.05220034,873,Majnoon, ,oil,IZ,Very large
5027432.19806908,7236859.38314753,874,Geofizicheskoye, ,gas,RS,Large
5037008.48582299,7072400.14860568,875,Novoportovskoye, ,gas,RS,Large
5223884.49398962,7159511.78731583,876,Semakovskoye, ,gas,RS,Large
5284094.84216761,7103820.39619266,877,Yamburgskoye, ,gas,RS,Very large
5408698.54502009,7090016.6284259,878,Nakhodkinskoye, ,gas,RS,Large
5357638.25341033,7033631.4023999,879,Severo-Urengoyskoye, ,"oil,gas",RS,Very large
5528043.10679957,7007538.85490029,880,Tazovskoye, ,"oil,gas",RS,Large
5596989.63282726,6975146.06172843,881,Zapolyarnoye, ,"oil,gas",RS,Very large
5676343.86338945,6938110.69401831,882,Russkoye, ,"oil,gas",RS,Large
5449702.15128005,6930169.5242892,883,Urengoyskoye, ,"oil,gas",RS,Very large
5258390.40395147,6970558.52138355,884,Pestsovoye, ,"oil,gas",RS,Large
5209697.83299395,6917101.59903162,885,Medvezh'e, ,"oil,gas",RS,Very large
5358741.39612573,6843999.24087395,886,Yamsoveyskoye, ,gas,RS,Very large
5439443.6120362,6754854.828365,887,"Komsomol'skoye,Severokomsomol'skoye", ,"oil,gas",RS,Large
5513793.90425942,6785281.44420293,888,"Zapadno-Tarkosalinskoye,Gubkinskoye", ,"oil,gas",RS,Large
5620399.92707317,6798026.23084206,889,Vostochno-Tarkosalinskoye, ,"oil,gas",RS,Large
5611268.7620169,6749581.41568718,890,Tarasovskoye, ,"oil,gas",RS,Large
5419490.8159374,6677153.77419028,891,Sutorminskoye, ,"oil,gas",RS,Very large
5433218.96280176,6616357.06577828,892,Kholmogorskoye, ,oil,RS,Large
5583014.19770172,6602406.11712259,893,Vyngapurovskoye, ,"oil,gas",RS,Large
5710540.96587585,6551197.77282855,894,Var'eganskoye, ,"oil,gas",RS,Very large
5880502.50619644,6529539.3450283,895,Severno-Khokhryakovskoye, ,oil,RS,Large
5554188.50591321,6544402.2816145,896,Povkhovskoye, ,oil,RS,Large
5589467.41039394,6479113.97714112,897,Pokachevskoye, ,oil,RS,Large
5665630.69517147,6460360.94679403,898,"Aganskoye,Vatinskoye", ,oil,RS,Large
5729648.87872153,6445101.04907061,899,Samotlorskoye, ,"oil,gas",RS,Very large
5781623.10411262,6397557.47018505,900,Sovetskoye, ,oil,RS,Large
5881396.54073137,6410842.98267246,901,Vakhskoye, ,"oil,gas",RS,Large
5550742.1651192,6454084.91076136,902,Lokosovskoye, ,oil,RS,Large
5361824.14217649,6494440.91020654,903,"Lyantorskoye,Taybinskoye", ,"oil,gas",RS,Very large
5352730.79265275,6389523.1512377,904,Salymskoye, ,oil,RS,Very large
5430961.39683409,6351335.5462085,905,Malobalykskoye, ,oil,RS,Large
5448825.81237732,6388387.90333908,906,Mamontovskoye, ,oil,RS,Large
5449790.73554226,6432114.14167948,907,Yuzhno-Surgutskoye, ,oil,RS,Large
5397238.17114443,6288155.25886117,908,Verkhnesalymskoye, ,oil,RS,Large
4773869.87205248,6730983.15549102,909,Pokhromskoye, ,gas,RS,Small
4708942.09444537,6707041.96694325,910,Berezovskoye, ,gas,RS,Small
4725809.53151908,6630061.83944743,911,Igrimskoye Severnoye, ,gas,RS,Small
4952983.16706699,6489260.09102864,912,Krasnoleninskoye, ,"oil,gas",RS,Very large
4869983.42066835,6365396.15777508,913,Mortym'ya-Teterevskoye, ,"oil,gas",RS,Medium
5765722.12125527,6232064.80388604,914,Pervomayskoye, ,oil,RS,Large
5789860.9117757,6254859.10470361,915,Olen'e, ,oil,RS,Medium
5910943.51794438,6265424.7131268,916,Severo-Vasyuganskoye, ,gas,RS,Large
5926044.51804115,6301703.57070781,917,Chkalovskoye, ,"oil,gas",RS,Small
6174629.87635018,6338974.93576692,918,Kiev-Yeganskoye, ,oil,RS,Small
5600110.55243874,6076082.02453639,919,Prirakhtovskoye, ,oil,RS,Small
5657087.25014934,6118806.62845597,920,Taytymskoye, ,oil,RS,Small
5879889.40937296,6095033.98760788,921,Igol'sko-Talovoye, ,oil,RS,Large
5971243.50022723,6201083.88080637,922,Myl'dzhinskoye, ,gas,RS,Large
6037051.04189506,6152326.10267197,923,Luginetskoye, ,"oil,gas",RS,Large
6096775.86209275,6107923.56621166,924,Ostaninskoye, ,"oil,gas",RS,Medium
6129145.22125579,6052784.50295506,925,Kazanskoye, ,gas,RS,Medium
6105394.26352134,6016835.8501132,926,Verkhtarskoye, ,oil,RS,Medium
5155680.9453294,4236713.32536785,927,Sakarchagi, ,gas,TX,Small
5259540.30114531,4225675.8585741,928,Beurdeshikskoye, ,gas,TX,Large
5323265.23123632,4248858.25338946,929,Kirpichlinskoye, ,gas,TX,Large
5330138.15361389,4295230.29101003,930,Severnyy Balkui, ,gas,TX,Large
5330219.76121217,4344121.54298542,931,"Naip,Yuzhnyy Naip", ,gas,TX,Large
5291860.112059,4360278.93786099,932,Achak, ,gas,TX,Medium
5425070.06269773,4282523.69177596,933,Gugurtli, ,gas,TX,Large
5503148.52449078,4261280.52815874,934,"Uchkyrskoye,Akkum", ,gas,UZ,Medium
5536059.48713934,4281165.27102643,935,Gazli, ,"oil,gas",UZ,Large
5545496.75759468,4216558.62563688,936,Kandym, ,gas,UZ,Large
5338955.45924171,3976815.7435436,937,Tedzhen, ,gas,TX,Medium
5382387.36549854,3987747.3424834,938,Shatlyk, ,gas,TX,Large
5434494.82826922,3895794.80855186,939,Dauletabad-Donmez, ,gas,TX,Very large
5456749.60125286,3990090.27031511,940,Mayskoye, ,gas,TX,Medium
5422167.83202156,4050449.97967366,941,Seyrab, ,gas,TX,Medium
5481164.79589969,4072549.00334115,942,Bayramaliyskoye, ,gas,TX,Large
5536280.72271654,4052438.76247685,943,Uchadzhi, ,gas,TX,Large
5567556.7920415,3851849.23889975,944,Karabil', ,gas,TX,Large
5539569.33156309,3778053.30933029,945,Islimskoye, ,gas,TX,Small
5641754.79164859,4158240.83215685,946,Urtabulak, ,gas,UZ,Large
5698808.87791753,4148162.05137866,947,Mubarek Severnyy i Yuzhnyy, ,gas,UZ,Medium
5780346.21280076,4111065.29230624,948,Shurtan, ,gas,UZ,Very large
5859981.68334058,3888581.30381136,949,Hadia-Gugerdag, ,gas,AF,Large
5801053.54403107,3877994.90370904,950,Djarkuduk, ,gas,AF,Medium
5737773.30311471,4841866.90975512,951,Pridorozhnoye, ,gas,KZ,Small
6064582.34371949,4706700.96300681,952,Ayrakty, ,gas,KZ,Medium
6027625.78425679,4736365.73749169,953,Amangel'dy, ,gas,KZ,Small
6063210.36996337,3989027.49919576,954,Kichik-Bel', ,oil,TI,Small
64435.5665056694,5561469.9505128,957,,,,,
-3479406.88323943,7950711.67788886,961,,,,,
-3479406.88323943,7950711.67788886,962,,,,,
-14927579.1123287,3461294.12778215,963,,,,,
-16258355.2156295,3139043.77784972,964,,,,,
-16258355.2156295,3139043.77784972,965,,,,,
-29109.2928116777,5152996.12136883,969,,,,,
-16444.5805937742,5084191.11755961,970,,,,,
-9024937.37117928,8312598.49634554,971,,,,,
9314802.92110686,8472349.57586398,972,,,,,
-8646877.82453701,8559543.56529871,973,,,,,
-8631063.86445254,3077777.95486806,974,,,,,
-10282170.989483,4491473.33059681,975,,,,,
7043770.68481818,3050059.02751246,976,sharad,gggggg,qqqqewe,jj,uuuuu
7043852.19693099,3049976.55097884,977,,,,,
7043852.19693099,3049976.55097884,978,d,ff,,,123
-8207444.00075432,3197832.91771895,981,,,,,
805550.370067874,-98197.6012192149,983,,,,,
